episode,episode_start_step,episode_end_step,episode_length,termination_reason,urgency_position_ratio_exact,speed_diff_modifier_exact,max_participants_exact,ignore_vehicles_go_exact,total_vehicles_exited,total_collisions,total_deadlocks,max_deadlock_severity,avg_throughput,avg_acceleration,total_controlled_vehicles,total_reward,episode_simulation_time,total_simulation_time,episode_start_time,simulation_start_time,episode_duration_hours,total_duration_hours
0,0,110,110,Severe deadlock detected by environment (IMMEDIATE),1.2033141,5.0,4,36.0,69,309,0,0.0,248.1518444540976,1.0867526724991503,80,-30275.06173409922,305.56,305.56,2025-08-31 18:47:28,2025-08-31 18:47:28,0.085,0.085
1,110,239,129,Reached exactly 128 steps,1.3007053136825562,-1.0,5,36.0,89,0,0,0.0,3600.0,1.111964838527576,174,-4168.947619047613,298.47,608.46,2025-08-31 18:57:36,2025-08-31 18:47:28,0.083,0.169
2,239,310,71,Severe deadlock detected by environment (IMMEDIATE),1.739040732383728,-15.0,4,32.0,79,62,0,0.0,3600.0,1.2491470724042155,255,-5941.183441558442,178.8,787.28,2025-08-31 18:57:36,2025-08-31 18:47:28,0.05,0.219
3,310,363,53,Severe deadlock detected by environment (IMMEDIATE),1.681980013847351,0.0,4,36.0,35,213,0,0.0,3600.0,1.227565103177936,298,-18671.06333650869,171.59,961.18,2025-08-31 19:00:38,2025-08-31 18:47:28,0.048,0.267
4,363,492,129,Reached exactly 128 steps,1.6007593870162964,9.0,5,32.0,101,0,0,0.0,3600.0,1.2956287120237024,400,949.0261904761886,294.0,1259.42,2025-08-31 19:08:27,2025-08-31 18:47:28,0.082,0.35
5,492,621,129,Reached exactly 128 steps,1.33685040473938,7.0,5,44.0,115,0,0,0.0,3600.0,1.2075558473808805,515,-7955.529761904763,4.96,1609.07,2025-08-31 19:14:12,2025-08-31 18:47:28,0.001,0.447
6,621,750,129,Reached exactly 128 steps,1.4150042533874512,-12.0,5,40.0,139,0,0,0.0,3600.0,1.1300421041861577,659,118.16589244089089,7.28,1925.33,2025-08-31 19:19:26,2025-08-31 18:47:28,0.002,0.535
7,750,794,44,Severe deadlock detected by environment (IMMEDIATE),2.075618267059326,-2.0,5,54.0,37,226,0,0.0,3600.0,1.1411073783390029,698,-20195.771530675207,159.78,2077.82,2025-08-31 19:19:26,2025-08-31 18:47:28,0.044,0.577
8,794,923,129,Reached exactly 128 steps,1.414947748184204,-2.0,5,30.0,113,0,0,0.0,3600.0,1.154797041047558,813,-5714.075058275062,320.52,2402.13,2025-08-31 19:27:30,2025-08-31 18:47:28,0.089,0.667
9,923,1052,129,Reached exactly 128 steps,1.4473235607147217,2.0,5,48.0,113,0,0,0.0,3600.0,1.1573446858732015,929,-429.647893772896,5.15,2706.15,2025-08-31 19:32:29,2025-08-31 18:47:28,0.001,0.752
10,1052,1181,129,Reached exactly 128 steps,1.8298535346984863,10.0,5,23.0,133,0,0,0.0,3600.0,1.1636992494856768,1067,977.3585164835156,7.66,3013.93,2025-08-31 19:37:34,2025-08-31 18:47:28,0.002,0.837
11,1181,1265,84,Severe deadlock detected by environment (IMMEDIATE),1.2339270114898682,-8.0,5,33.0,74,2,0,0.0,3600.0,1.167285257756469,1138,33.22651515151426,208.83,3215.1,2025-08-31 19:37:34,2025-08-31 18:47:28,0.058,0.893
12,1265,1323,58,Severe deadlock detected by environment (IMMEDIATE),2.0133981704711914,1.0,6,33.0,47,14,0,0.0,3600.0,1.1805579980493304,1194,-1518.82012987013,157.0,3374.18,2025-08-31 19:41:05,2025-08-31 18:47:28,0.044,0.937
13,1323,1452,129,Reached exactly 128 steps,1.2895902395248413,5.0,6,53.0,108,0,0,0.0,3600.0,1.1930333843579457,1302,-51.29387279387306,306.49,3684.04,2025-08-31 19:48:52,2025-08-31 18:47:28,0.085,1.023
14,1452,1516,64,Severe deadlock detected by environment (IMMEDIATE),1.699939489364624,6.0,5,35.0,60,204,0,0.0,3600.0,1.2028513820517106,1368,-18456.79642857144,171.27,3855.32,2025-08-31 19:48:52,2025-08-31 18:47:28,0.048,1.071
15,1516,1645,129,Reached exactly 128 steps,1.6771279573440552,13.0,4,28.0,85,0,0,0.0,3600.0,1.2151815053941335,1454,358.5669413919413,290.21,4148.28,2025-08-31 19:56:36,2025-08-31 18:47:28,0.081,1.152
16,1645,1673,28,Severe deadlock detected by environment (IMMEDIATE),1.1439824104309082,1.0,6,50.0,28,29,0,0.0,3600.0,1.2218104303126809,1490,-3328.380952380952,85.74,4234.03,2025-08-31 19:56:36,2025-08-31 18:47:28,0.024,1.176
17,1673,1802,129,Reached exactly 128 steps,1.6556689739227295,-3.0,5,20.0,96,0,0,0.0,3600.0,1.219116021852671,1587,1291.6754329004348,303.86,4541.38,2025-08-31 20:03:09,2025-08-31 18:47:28,0.084,1.261
18,1802,1931,129,Reached exactly 128 steps,1.1508266925811768,-3.0,5,36.0,101,0,0,0.0,3600.0,1.2135326098076198,1690,-531.138836163837,5.03,4870.33,2025-08-31 20:08:33,2025-08-31 18:47:28,0.001,1.353
19,1931,2032,101,Severe deadlock detected by environment (IMMEDIATE),1.0481817722320557,5.0,5,29.0,78,60,0,0.0,3600.0,1.2133446410142947,1777,-5668.07803030303,257.57,5122.87,2025-08-31 20:08:33,2025-08-31 18:47:28,0.072,1.423
20,2032,2161,129,Reached exactly 128 steps,1.6291381120681765,-5.0,5,42.0,108,0,0,0.0,3600.0,1.2132886138330938,1886,-12978.898140340078,350.17,5476.4,2025-08-31 20:18:44,2025-08-31 18:47:28,0.097,1.521
21,2161,2290,129,Reached exactly 128 steps,1.484002709388733,-2.0,5,43.0,91,0,0,0.0,3600.0,1.220115642595917,1978,-3140.78571428571,5.1,5768.44,2025-08-31 20:23:31,2025-08-31 18:47:28,0.001,1.602
22,2290,2299,9,Severe deadlock detected by environment (IMMEDIATE),1.1767436265945437,-5.0,5,32.0,4,0,0,0.0,3600.0,1.2175830191247108,1987,-725.4714285714286,29.21,5792.55,2025-08-31 20:23:31,2025-08-31 18:47:28,0.008,1.609
23,2299,2428,129,Reached exactly 128 steps,1.8968427181243896,-3.0,4,41.0,119,0,0,0.0,3600.0,1.2172775036196148,2107,-2448.665476190475,298.39,6093.81,2025-08-31 20:29:02,2025-08-31 18:47:28,0.083,1.693
24,2428,2484,56,Severe deadlock detected by environment (IMMEDIATE),2.0477044582366943,8.0,5,48.0,30,206,0,0.0,3600.0,1.220980626638314,2144,-20890.530636030635,181.0,6274.81,2025-08-31 20:29:02,2025-08-31 18:47:28,0.05,1.743
25,2484,2540,56,Severe deadlock detected by environment (IMMEDIATE),0.9958173632621764,-3.0,4,31.0,57,38,0,0.0,3600.0,1.218588510958343,2206,-3808.754761904762,152.31,6430.87,2025-08-31 20:32:06,2025-08-31 18:47:28,0.042,1.786
26,2540,2591,51,Severe deadlock detected by environment (IMMEDIATE),1.7285833358764648,-1.0,6,46.0,44,189,0,0.0,3600.0,1.2225438888959568,2256,-19089.716214912536,182.01,6615.92,2025-08-31 20:34:42,2025-08-31 18:47:28,0.051,1.838
27,2591,2720,129,Reached exactly 128 steps,1.432037591934204,1.0,6,38.0,80,0,0,0.0,3600.0,1.2278814148237416,2338,533.36093073593,296.82,6917.14,2025-08-31 20:42:45,2025-08-31 18:47:28,0.082,1.921
28,2720,2772,52,Severe deadlock detected by environment (IMMEDIATE),1.62167227268219,14.0,4,45.0,52,35,0,0.0,3600.0,1.2289493965199303,2396,-3578.9221861471865,147.7,7064.85,2025-08-31 20:42:45,2025-08-31 18:47:28,0.041,1.962
29,2772,2901,129,Reached exactly 128 steps,1.7363675832748413,1.0,5,39.0,72,0,0,0.0,3600.0,1.2370461567401223,2468,742.3280303030291,283.79,7351.39,2025-08-31 20:49:59,2025-08-31 18:47:28,0.079,2.042
30,2901,3030,129,Reached exactly 128 steps,2.212307929992676,0.0,5,53.0,94,0,0,0.0,3600.0,1.2392010798131228,2564,-811.119289044291,5.02,7654.42,2025-08-31 20:54:57,2025-08-31 18:47:28,0.001,2.126
31,3030,3159,129,Reached exactly 128 steps,1.3854522705078125,1.0,5,29.0,107,0,0,0.0,3600.0,1.2417112471534768,2675,-12918.582915613812,7.44,7955.65,2025-08-31 20:59:56,2025-08-31 18:47:28,0.002,2.21
32,3159,3272,113,Severe deadlock detected by environment (IMMEDIATE),1.280165433883667,2.0,5,31.0,106,9,0,0.0,3600.0,1.2434823783163174,2782,-276.2928571428587,260.62,8208.83,2025-08-31 20:59:56,2025-08-31 18:47:28,0.072,2.28
33,3272,3401,129,Reached exactly 128 steps,1.5112981796264648,-6.0,5,44.0,120,0,0,0.0,3600.0,1.243823045084153,2904,-5573.320410961614,307.41,8518.89,2025-08-31 21:09:27,2025-08-31 18:47:28,0.085,2.366
34,3401,3530,129,Reached exactly 128 steps,1.8524171113967896,-5.0,4,45.0,101,0,0,0.0,3600.0,1.2389988101846154,3012,564.728255078255,5.01,8837.87,2025-08-31 21:14:41,2025-08-31 18:47:28,0.001,2.455
35,3530,3576,46,Severe deadlock detected by environment (IMMEDIATE),2.165521144866944,3.0,5,48.0,31,2,0,0.0,3600.0,1.2363622301620965,3047,-506.7880952380952,111.07,8943.93,2025-08-31 21:14:41,2025-08-31 18:47:28,0.031,2.484
36,3576,3661,85,Severe deadlock detected by environment (IMMEDIATE),1.1665401458740234,2.0,6,28.0,108,1,0,0.0,3600.0,1.2365957242949766,3158,477.3942141192138,210.89,9157.2,2025-08-31 21:16:34,2025-08-31 18:47:28,0.059,2.544
37,3661,3722,61,Severe deadlock detected by environment (IMMEDIATE),1.4563846588134766,6.0,5,45.0,40,48,0,0.0,3600.0,1.23836003872593,3203,-4974.020021645021,166.43,9325.93,2025-08-31 21:20:07,2025-08-31 18:47:28,0.046,2.591
38,3722,3803,81,Severe deadlock detected by environment (IMMEDIATE),1.2518967390060425,-10.0,6,47.0,51,118,0,0.0,3600.0,1.2393333690047128,3262,-11770.281784881789,222.48,9551.44,2025-08-31 21:22:57,2025-08-31 18:47:28,0.062,2.653
39,3803,3932,129,Reached exactly 128 steps,1.8836735486984253,1.0,6,34.0,112,0,0,0.0,3600.0,1.2397458943519704,3377,1355.0281385281414,302.7,9858.16,2025-08-31 21:31:46,2025-08-31 18:47:28,0.084,2.738
40,3932,4061,129,Reached exactly 128 steps,1.5832892656326294,1.0,5,30.0,131,0,0,0.0,3600.0,1.2400236033909946,3509,-547.1680735930751,4.74,10166.53,2025-08-31 21:36:50,2025-08-31 18:47:28,0.001,2.824
41,4061,4190,129,Reached exactly 128 steps,1.3595434427261353,-3.0,5,33.0,89,0,0,0.0,3600.0,1.2389793519260055,3604,-3517.9047619047583,7.17,10465.87,2025-08-31 21:41:47,2025-08-31 18:47:28,0.002,2.907
42,4190,4241,51,Severe deadlock detected by environment (IMMEDIATE),1.5833922624588013,9.0,4,45.0,40,2,0,0.0,3600.0,1.2414111058103143,3645,-427.1714285714286,122.3,10581.0,2025-08-31 21:41:47,2025-08-31 18:47:28,0.034,2.939
43,4241,4370,129,Reached exactly 128 steps,1.6003272533416748,2.0,5,49.0,91,0,0,0.0,3600.0,1.2399748728660764,3743,-6942.534523809557,299.45,10883.15,2025-08-31 21:48:51,2025-08-31 18:47:28,0.083,3.023
44,4370,4499,129,Reached exactly 128 steps,1.4564141035079956,-1.0,5,37.0,106,0,0,0.0,3600.0,1.2358115533220742,3850,-1884.6100649350617,5.05,11205.23,2025-08-31 21:54:08,2025-08-31 18:47:28,0.001,3.113
45,4499,4628,129,Reached exactly 128 steps,1.3822088241577148,6.0,4,35.0,107,0,0,0.0,3600.0,1.2385582328660891,3959,-981.5436147186156,7.02,11501.14,2025-08-31 21:59:02,2025-08-31 18:47:28,0.002,3.195
46,4628,4681,53,Severe deadlock detected by environment (IMMEDIATE),1.2273716926574707,7.0,6,49.0,34,87,0,0.0,3600.0,1.2383598777588458,3998,-8963.42910227028,174.49,11668.61,2025-08-31 21:59:02,2025-08-31 18:47:28,0.048,3.241
47,4681,4690,9,Severe deadlock detected by environment (IMMEDIATE),1.6114270687103271,0.0,4,37.0,1,0,0,0.0,3600.0,1.2390752740035655,4006,-764.4416666666666,23.58,11696.58,2025-08-31 22:02:01,2025-08-31 18:47:28,0.007,3.249
48,4690,4819,129,Reached exactly 128 steps,1.2778698205947876,1.0,5,50.0,90,0,0,0.0,3600.0,1.2393651889947563,4096,1224.6928571428584,289.93,11989.81,2025-08-31 22:07:18,2025-08-31 18:47:28,0.081,3.331
49,4819,4863,44,Severe deadlock detected by environment (IMMEDIATE),1.875296950340271,2.0,5,47.0,63,8,0,0.0,3600.0,1.2390983741774533,4165,-803.4984848484851,129.8,12119.62,2025-08-31 22:07:18,2025-08-31 18:47:28,0.036,3.367
50,4863,4930,67,Severe deadlock detected by environment (IMMEDIATE),2.04813551902771,-8.0,5,50.0,60,5,0,0.0,3600.0,1.239339167842119,4231,-469.3380952380956,184.25,12306.9,2025-08-31 22:09:31,2025-08-31 18:47:28,0.051,3.419
51,4930,5059,129,Reached exactly 128 steps,1.703474521636963,3.0,5,41.0,114,0,0,0.0,3600.0,1.2396879873619844,4347,694.709848484847,309.4,12619.1,2025-08-31 22:17:47,2025-08-31 18:47:28,0.086,3.505
52,5059,5083,24,Severe deadlock detected by environment (IMMEDIATE),1.250568985939026,15.0,6,24.0,16,33,0,0.0,3600.0,1.2374428121511072,4371,-3855.621861471861,75.92,12695.03,2025-08-31 22:17:47,2025-08-31 18:47:28,0.021,3.526
53,5083,5186,103,Severe deadlock detected by environment (IMMEDIATE),2.060544490814209,0.0,6,37.0,81,86,0,0.0,3600.0,1.2358411706051569,4459,-8229.244172494175,278.45,12976.89,2025-08-31 22:19:06,2025-08-31 18:47:28,0.077,3.605
54,5186,5315,129,Reached exactly 128 steps,1.6035038232803345,9.0,6,23.0,91,0,0,0.0,3600.0,1.2355438156798686,4551,-2023.3396103896007,294.5,13274.97,2025-08-31 22:28:43,2025-08-31 18:47:28,0.082,3.687
55,5315,5444,129,Reached exactly 128 steps,1.177675485610962,5.0,5,29.0,85,0,0,0.0,3600.0,1.2359717538806652,4639,1198.19761904762,5.03,13568.72,2025-08-31 22:33:32,2025-08-31 18:47:28,0.001,3.769
56,5444,5573,129,Reached exactly 128 steps,1.3687177896499634,1.0,5,48.0,139,0,0,0.0,3600.0,1.236345632503549,4789,-7341.859523809528,7.13,13904.71,2025-08-31 22:39:06,2025-08-31 18:47:28,0.002,3.862
57,5573,5702,129,Reached exactly 128 steps,1.5169262886047363,4.0,4,43.0,121,0,0,0.0,3600.0,1.2325006430991725,4906,-7432.364285714293,9.76,14215.95,2025-08-31 22:44:14,2025-08-31 18:47:28,0.003,3.949
58,5702,5831,129,Reached exactly 128 steps,1.377746343612671,1.0,6,36.0,125,0,0,0.0,3600.0,1.2278829167403995,5038,-4798.433333333337,12.13,14532.34,2025-08-31 22:49:28,2025-08-31 18:47:28,0.003,4.037
59,5831,5960,129,Reached exactly 128 steps,1.491058111190796,-4.0,4,50.0,96,0,0,0.0,3600.0,1.229831149978074,5135,-2601.109740259732,14.55,14831.44,2025-08-31 22:54:25,2025-08-31 18:47:28,0.004,4.12
60,5960,6089,129,Reached exactly 128 steps,1.2971408367156982,5.0,5,53.0,108,0,0,0.0,3600.0,1.2311507303059075,5245,943.42857142857,17.71,15146.33,2025-08-31 22:59:37,2025-08-31 18:47:28,0.005,4.207
61,6089,6218,129,Reached exactly 128 steps,1.5923686027526855,13.0,5,50.0,109,0,0,0.0,3600.0,1.2289197800691574,5356,646.3047619047607,20.05,15449.57,2025-08-31 23:04:37,2025-08-31 18:47:28,0.006,4.292
62,6218,6347,129,Reached exactly 128 steps,1.8623803853988647,-3.0,5,43.0,125,0,0,0.0,3600.0,1.2336346531197355,5485,679.2640442890429,23.55,15769.11,2025-08-31 23:09:53,2025-08-31 18:47:28,0.007,4.38
63,6347,6375,28,Severe deadlock detected by environment (IMMEDIATE),1.4429911375045776,-10.0,5,28.0,32,17,0,0.0,3600.0,1.2351618765234849,5516,-2060.28916083916,108.25,15853.81,2025-08-31 23:09:53,2025-08-31 18:47:28,0.03,4.404
64,6375,6423,48,Severe deadlock detected by environment (IMMEDIATE),0.9077910780906676,7.0,4,23.0,44,54,0,0.0,3600.0,1.2346769048658268,5567,-5577.079004329005,134.75,15991.23,2025-08-31 23:11:44,2025-08-31 18:47:28,0.037,4.442
65,6423,6552,129,Reached exactly 128 steps,1.3561922311782837,3.0,4,46.0,127,0,0,0.0,3600.0,1.2380626245378492,5697,-4981.117857142863,310.36,16304.76,2025-08-31 23:19:13,2025-08-31 18:47:28,0.086,4.529
66,6552,6681,129,Reached exactly 128 steps,2.0217437744140625,-13.0,4,36.0,88,0,0,0.0,3600.0,1.237422251082073,5785,1131.1702380952372,5.09,16607.72,2025-08-31 23:24:11,2025-08-31 18:47:28,0.001,4.613
67,6681,6810,129,Reached exactly 128 steps,1.541056752204895,4.0,5,34.0,115,0,0,0.0,3600.0,1.237685198417941,5901,-811.2500000000011,7.04,16908.16,2025-08-31 23:29:09,2025-08-31 18:47:28,0.002,4.697
68,6810,6939,129,Reached exactly 128 steps,2.043733835220337,-12.0,4,46.0,102,0,0,0.0,3600.0,1.2370572286456734,6005,-2637.1626623376605,9.17,17204.41,2025-08-31 23:34:03,2025-08-31 18:47:28,0.003,4.779
69,6939,7068,129,Reached exactly 128 steps,1.854668974876404,2.0,5,44.0,103,0,0,0.0,3600.0,1.2372642793025477,6112,-21133.88720446216,12.12,17518.35,2025-08-31 23:39:14,2025-08-31 18:47:28,0.003,4.866
70,7068,7197,129,Reached exactly 128 steps,1.83853542804718,15.0,6,54.0,84,0,0,0.0,3600.0,1.2388716326509988,6196,177.68214285714288,15.36,17811.73,2025-08-31 23:44:04,2025-08-31 18:47:28,0.004,4.948
71,7197,7282,85,Severe deadlock detected by environment (IMMEDIATE),2.437095880508423,-4.0,5,27.0,68,456,0,0.0,3600.0,1.2380866810165725,6267,-35389.89273226773,269.32,18065.69,2025-08-31 23:44:04,2025-08-31 18:47:28,0.075,5.018
72,7282,7411,129,Reached exactly 128 steps,1.5874555110931396,6.0,4,52.0,128,0,0,0.0,3600.0,1.2390533847962315,6396,-198.00081585081745,301.48,18370.4,2025-08-31 23:53:38,2025-08-31 18:47:28,0.084,5.103
73,7411,7435,24,Severe deadlock detected by environment (IMMEDIATE),1.0203758478164673,2.0,5,38.0,24,6,0,0.0,3600.0,1.2380653446948224,6430,-1075.648817848818,81.49,18451.9,2025-08-31 23:53:38,2025-08-31 18:47:28,0.023,5.126
74,7435,7520,85,Severe deadlock detected by environment (IMMEDIATE),0.9888004660606384,6.0,6,32.0,49,31,0,0.0,3600.0,1.2361308172558314,6484,-3084.6190975690984,219.0,18674.55,2025-08-31 23:55:03,2025-08-31 18:47:28,0.061,5.187
75,7520,7649,129,Reached exactly 128 steps,0.926321506500244,4.0,5,44.0,116,0,0,0.0,3600.0,1.2355598292049603,6604,-2803.845887445882,309.99,18987.03,2025-09-01 00:03:55,2025-08-31 18:47:28,0.086,5.274
76,7649,7679,30,Severe deadlock detected by environment (IMMEDIATE),1.7107341289520264,11.0,4,31.0,18,88,0,0.0,3600.0,1.2382183374493148,6633,-7226.486675824176,102.06,19089.1,2025-09-01 00:03:55,2025-08-31 18:47:28,0.028,5.303
77,7679,7808,129,Reached exactly 128 steps,1.7801148891448977,4.0,6,37.0,104,0,0,0.0,3600.0,1.2395191723064714,6738,-1418.3583333333324,291.43,19384.4,2025-09-01 00:10:32,2025-08-31 18:47:28,0.081,5.385
78,7808,7839,31,Severe deadlock detected by environment (IMMEDIATE),1.4346272945404053,2.0,6,43.0,23,2,0,0.0,3600.0,1.2403177087232815,6766,-650.1630952380953,83.33,19467.74,2025-09-01 00:10:32,2025-08-31 18:47:28,0.023,5.408
79,7839,7875,36,Severe deadlock detected by environment (IMMEDIATE),1.2805134057998655,1.0,5,26.0,32,10,0,0.0,3600.0,1.2413360996273954,6798,-1351.8523809523813,89.92,19560.25,2025-09-01 00:11:58,2025-08-31 18:47:28,0.025,5.433
80,7875,8004,129,Reached exactly 128 steps,1.886995792388916,0.0,5,37.0,116,0,0,0.0,3600.0,1.2409891830032445,6915,-72.23571428571523,323.44,19885.81,2025-09-01 00:18:54,2025-08-31 18:47:28,0.09,5.524
81,8004,8133,129,Reached exactly 128 steps,1.799926996231079,-1.0,4,35.0,126,0,0,0.0,3600.0,1.2406580429795877,7043,-511.7481227106245,4.98,20211.35,2025-09-01 00:24:14,2025-08-31 18:47:28,0.001,5.614
82,8133,8154,21,Severe deadlock detected by environment (IMMEDIATE),2.200819969177246,-2.0,6,47.0,23,52,0,0.0,3600.0,1.2416410140588912,7074,-5696.981693306693,75.65,20282.02,2025-09-01 00:24:14,2025-08-31 18:47:28,0.021,5.634
83,8154,8283,129,Reached exactly 128 steps,1.565705418586731,-1.0,4,48.0,123,0,0,0.0,3600.0,1.2407367884430816,7198,-3996.256443556445,315.94,20602.0,2025-09-01 00:30:50,2025-08-31 18:47:28,0.088,5.723
84,8283,8318,35,Severe deadlock detected by environment (IMMEDIATE),1.4576855897903442,-1.0,5,60.0,23,18,0,0.0,3600.0,1.2392313883710806,7226,-2232.4642857142844,88.82,20690.83,2025-09-01 00:30:50,2025-08-31 18:47:28,0.025,5.747
85,8318,8447,129,Reached exactly 128 steps,1.194672465324402,-3.0,6,41.0,78,0,0,0.0,3600.0,1.2400660612899346,7304,-3216.3928571428555,285.18,20978.52,2025-09-01 00:37:06,2025-08-31 18:47:28,0.079,5.827
86,8447,8480,33,Severe deadlock detected by environment (IMMEDIATE),1.807589292526245,0.0,6,34.0,23,10,0,0.0,3600.0,1.2397472315859084,7329,-1446.5678571428573,85.82,21064.35,2025-09-01 00:37:06,2025-08-31 18:47:28,0.024,5.851
87,8480,8609,129,Reached exactly 128 steps,1.3800160884857178,9.0,6,37.0,158,0,0,0.0,3600.0,1.2373911305521843,7488,-32931.17132034627,341.7,21408.37,2025-09-01 00:44:16,2025-08-31 18:47:28,0.095,5.947
88,8609,8738,129,Reached exactly 128 steps,1.3330472707748413,0.0,5,39.0,102,0,0,0.0,3600.0,1.232085237411686,7591,-1991.5652264402188,4.95,21728.84,2025-09-01 00:49:32,2025-08-31 18:47:28,0.001,6.036
89,8738,8867,129,Reached exactly 128 steps,1.436475157737732,12.0,4,40.0,106,0,0,0.0,3600.0,1.2317560369969849,7702,-195.9566267066264,7.08,22025.21,2025-09-01 00:54:26,2025-08-31 18:47:28,0.002,6.118
90,8867,8996,129,Reached exactly 128 steps,1.682084321975708,4.0,4,46.0,99,0,0,0.0,3600.0,1.2307282453737576,7798,38.46341991341918,10.13,22330.72,2025-09-01 00:59:29,2025-08-31 18:47:28,0.003,6.203
91,8996,9029,33,Severe deadlock detected by environment (IMMEDIATE),1.575648307800293,6.0,5,35.0,38,11,0,0.0,3600.0,1.2295898732227295,7841,-1384.828571428572,98.21,22418.79,2025-09-01 00:59:29,2025-08-31 18:47:28,0.027,6.227
92,9029,9085,56,Severe deadlock detected by environment (IMMEDIATE),2.0204482078552246,6.0,5,41.0,57,210,0,0.0,3600.0,1.230255838905477,7902,-21010.098988511483,160.77,22582.06,2025-09-01 01:01:09,2025-08-31 18:47:28,0.045,6.273
93,9085,9214,129,Reached exactly 128 steps,1.3592991828918457,-3.0,6,23.0,89,0,0,0.0,3600.0,1.2303566763686458,7993,119.46294538794425,312.46,22896.96,2025-09-01 01:09:05,2025-08-31 18:47:28,0.087,6.36
94,9214,9343,129,Reached exactly 128 steps,1.1938230991363523,9.0,5,36.0,89,0,0,0.0,3600.0,1.232110734044981,8083,195.5790584415576,5.27,23195.41,2025-09-01 01:13:58,2025-08-31 18:47:28,0.001,6.443
95,9343,9472,129,Reached exactly 128 steps,1.2949931621551514,5.0,5,27.0,91,0,0,0.0,3600.0,1.2342768538308202,8178,-346.45196470196555,7.25,23498.23,2025-09-01 01:18:59,2025-08-31 18:47:28,0.002,6.527
96,9472,9544,72,Severe deadlock detected by environment (IMMEDIATE),1.8985536098480225,4.0,4,50.0,58,31,0,0.0,3600.0,1.2356259254849016,8241,-3061.8714285714263,178.31,23669.29,2025-09-01 01:18:59,2025-08-31 18:47:28,0.05,6.575
97,9544,9673,129,Reached exactly 128 steps,1.358641266822815,10.0,6,31.0,110,0,0,0.0,3600.0,1.2381107756737046,8352,521.2976190476169,293.33,23965.09,2025-09-01 01:26:53,2025-08-31 18:47:28,0.081,6.657
98,9673,9802,129,Reached exactly 128 steps,1.360745906829834,-2.0,5,46.0,82,0,0,0.0,3600.0,1.2403883938342946,8441,-5834.143290043292,5.1,24297.84,2025-09-01 01:32:21,2025-08-31 18:47:28,0.001,6.749
99,9802,9931,129,Reached exactly 128 steps,1.3665679693222046,5.0,5,27.0,101,0,0,0.0,3600.0,1.2421817858409452,8547,-2327.720646020641,7.55,24615.7,2025-09-01 01:37:36,2025-08-31 18:47:28,0.002,6.838
100,9931,10060,129,Reached exactly 128 steps,1.8958492279052728,0.0,6,57.0,118,0,0,0.0,3600.0,1.243947552792427,8667,1332.3207958708,9.55,24912.44,2025-09-01 01:42:31,2025-08-31 18:47:28,0.003,6.92
101,10060,10067,7,Severe deadlock detected by environment (IMMEDIATE),2.2344095706939697,-5.0,5,40.0,3,0,0,0.0,3600.0,1.244659255449143,8673,-744.3666666666667,29.35,24932.23,2025-09-01 01:42:31,2025-08-31 18:47:28,0.008,6.926
102,10067,10175,108,Severe deadlock detected by environment (IMMEDIATE),1.5579853057861328,3.0,6,42.0,87,5,0,0.0,3600.0,1.2462404960624416,8763,-66.53561438561599,251.45,25186.85,2025-09-01 01:43:03,2025-08-31 18:47:28,0.07,6.996
103,10175,10253,78,Severe deadlock detected by environment (IMMEDIATE),1.2937134504318235,-6.0,4,57.0,68,39,0,0.0,3600.0,1.2479465065657702,8838,-3742.971574259074,201.94,25391.17,2025-09-01 01:47:17,2025-08-31 18:47:28,0.056,7.053
104,10253,10262,9,Severe deadlock detected by environment (IMMEDIATE),1.54562246799469,0.0,5,27.0,1,0,0,0.0,3600.0,1.248693111627209,8846,-764.0666666666666,23.49,25417.6,2025-09-01 01:50:42,2025-08-31 18:47:28,0.007,7.06
105,10262,10391,129,Reached exactly 128 steps,1.3562358617782593,3.0,3,40.0,84,0,0,0.0,3600.0,1.2491052107809322,8930,356.5249999999993,290.36,25711.1,2025-09-01 01:55:59,2025-08-31 18:47:28,0.081,7.142
106,10391,10482,91,Severe deadlock detected by environment (IMMEDIATE),1.22434401512146,-1.0,5,40.0,72,17,0,0.0,3600.0,1.248694519516544,9005,-1455.25,220.8,25931.9,2025-09-01 01:55:59,2025-08-31 18:47:28,0.061,7.203
107,10482,10565,83,Severe deadlock detected by environment (IMMEDIATE),1.0832334756851196,3.0,5,54.0,62,1,0,0.0,3600.0,1.2494760492786918,9070,0.6227272727262516,196.1,26130.51,2025-09-01 01:59:42,2025-08-31 18:47:28,0.054,7.258
108,10565,10685,120,Severe deadlock detected by environment (IMMEDIATE),1.6091010570526123,9.0,5,42.0,96,23,0,0.0,3600.0,1.2508108504127675,9172,-1720.397619047619,288.28,26420.94,2025-09-01 02:03:01,2025-08-31 18:47:28,0.08,7.339
109,10685,10750,65,Severe deadlock detected by environment (IMMEDIATE),1.4409044981002808,-5.0,6,31.0,46,53,0,0.0,3600.0,1.249337086839036,9226,-5390.285934898435,194.66,26618.96,2025-09-01 02:07:52,2025-08-31 18:47:28,0.054,7.394
110,10750,10773,23,Severe deadlock detected by environment (IMMEDIATE),1.383040189743042,-1.0,4,25.0,12,1,0,0.0,3600.0,1.2486702363321676,9244,-697.2821428571428,63.17,26685.19,2025-09-01 02:11:10,2025-08-31 18:47:28,0.018,7.413
111,10773,10784,11,Severe deadlock detected by environment (IMMEDIATE),1.639668583869934,-1.0,5,40.0,4,0,0,0.0,3600.0,1.2486672631914375,9253,-720.0857142857143,28.34,26716.4,2025-09-01 02:12:16,2025-08-31 18:47:28,0.008,7.421
112,10784,10913,129,Reached exactly 128 steps,1.8162925243377688,-4.0,6,37.0,82,0,0,0.0,3600.0,1.2495113852952584,9342,335.1746753246754,294.52,27013.53,2025-09-01 02:17:41,2025-08-31 18:47:28,0.082,7.504
113,10913,10999,86,Severe deadlock detected by environment (IMMEDIATE),1.5826088190078735,6.0,4,47.0,65,355,0,0.0,3600.0,1.2497805709472447,9414,-28221.89081751581,240.29,27253.82,2025-09-01 02:17:41,2025-08-31 18:47:28,0.067,7.571
114,10999,11128,129,Reached exactly 128 steps,1.3408522605895996,5.0,5,39.0,100,0,0,0.0,3600.0,1.249152237696478,9515,1436.7752664002685,305.94,27563.25,2025-09-01 02:26:51,2025-08-31 18:47:28,0.085,7.656
115,11128,11164,36,Severe deadlock detected by environment (IMMEDIATE),1.0167697668075562,7.0,4,47.0,61,10,0,0.0,3600.0,1.2487735421279678,9577,-1062.3671304186012,116.61,27679.87,2025-09-01 02:26:51,2025-08-31 18:47:28,0.032,7.689
116,11164,11247,83,Severe deadlock detected by environment (IMMEDIATE),1.245333909988403,-2.0,6,36.0,52,172,0,0.0,3600.0,1.249092895364504,9634,-16479.05387945388,230.55,27912.47,2025-09-01 02:28:50,2025-08-31 18:47:28,0.064,7.753
117,11247,11256,9,Severe deadlock detected by environment (IMMEDIATE),1.9827717542648315,12.0,5,44.0,1,0,0,0.0,3600.0,1.249292600540649,9642,-764.4666666666667,23.67,27939.22,2025-09-01 02:32:43,2025-08-31 18:47:28,0.007,7.761
118,11256,11334,78,Severe deadlock detected by environment (IMMEDIATE),1.4122672080993652,1.0,6,38.0,57,31,0,0.0,3600.0,1.2491754983893837,9702,-3069.746428571426,176.22,28118.84,2025-09-01 02:33:11,2025-08-31 18:47:28,0.049,7.811
119,11334,11381,47,Severe deadlock detected by environment (IMMEDIATE),1.5566364526748655,-7.0,4,45.0,28,0,0,0.0,3600.0,1.2490797136654188,9734,-329.3238095238101,114.94,28236.19,2025-09-01 02:36:09,2025-08-31 18:47:28,0.032,7.843
120,11381,11510,129,Reached exactly 128 steps,1.87438440322876,0.0,4,46.0,100,0,0,0.0,3600.0,1.2500680429866888,9836,1329.196428571431,290.2,28528.93,2025-09-01 02:42:57,2025-08-31 18:47:28,0.081,7.925
121,11510,11569,59,Severe deadlock detected by environment (IMMEDIATE),2.154449701309204,-11.0,5,41.0,39,28,0,0.0,3600.0,1.2506384786539746,9883,-3021.6098484848458,140.18,28669.12,2025-09-01 02:42:57,2025-08-31 18:47:28,0.039,7.964
122,11569,11578,9,Severe deadlock detected by environment (IMMEDIATE),1.4400118589401243,-3.0,4,41.0,1,0,0,0.0,3600.0,1.2507868570187248,9890,-763.2142857142858,22.59,28695.21,2025-09-01 02:45:21,2025-08-31 18:47:28,0.006,7.971
123,11578,11609,31,Severe deadlock detected by environment (IMMEDIATE),1.5071864128112793,-6.0,5,55.0,24,0,0,0.0,3600.0,1.251188837009273,9915,-446.7666666666668,75.09,28773.17,2025-09-01 02:45:46,2025-08-31 18:47:28,0.021,7.993
124,11609,11738,129,Reached exactly 128 steps,1.419803023338318,0.0,6,44.0,99,0,0,0.0,3600.0,1.2506518209078623,10018,-50.29848484848605,310.96,29086.01,2025-09-01 02:52:14,2025-08-31 18:47:28,0.086,8.079
125,11738,11867,129,Reached exactly 128 steps,1.4572678804397583,-2.0,5,54.0,120,0,0,0.0,3600.0,1.251087898018037,10140,-2753.698376623374,4.88,29395.15,2025-09-01 02:57:18,2025-08-31 18:47:28,0.001,8.165
126,11867,11996,129,Reached exactly 128 steps,0.6738458275794983,9.0,5,44.0,119,0,0,0.0,3600.0,1.2520352528104048,10266,-2275.703571428568,7.47,29694.2,2025-09-01 03:02:15,2025-08-31 18:47:28,0.002,8.248
127,11996,12012,16,Severe deadlock detected by environment (IMMEDIATE),2.000241279602051,-8.0,5,55.0,11,0,0,0.0,3600.0,1.2525110657016256,10277,-628.7785714285715,50.95,29737.68,2025-09-01 03:02:15,2025-08-31 18:47:28,0.014,8.26
128,12012,12141,129,Reached exactly 128 steps,2.193898916244507,4.0,6,31.0,107,0,0,0.0,3600.0,1.2520862767352745,10386,-198.58019480519263,300.49,30040.76,2025-09-01 03:08:09,2025-08-31 18:47:28,0.083,8.345
129,12141,12270,129,Reached exactly 128 steps,0.7421091794967651,2.0,5,42.0,110,0,0,0.0,3600.0,1.2509780837884252,10498,-2641.05343822843,5.19,30347.63,2025-09-01 03:13:10,2025-08-31 18:47:28,0.001,8.43
130,12270,12399,129,Reached exactly 128 steps,1.5487492084503174,5.0,6,41.0,98,0,0,0.0,3600.0,1.2518301082909105,10601,437.8375374625366,7.32,30655.76,2025-09-01 03:18:16,2025-08-31 18:47:28,0.002,8.515
131,12399,12528,129,Reached exactly 128 steps,1.5557798147201538,8.0,4,32.0,81,0,0,0.0,3600.0,1.2505229850730069,10683,1259.7494588744612,9.28,30959.06,2025-09-01 03:23:18,2025-08-31 18:47:28,0.003,8.6
132,12528,12657,129,Reached exactly 128 steps,1.8649561405181885,-13.0,5,55.0,79,0,0,0.0,3600.0,1.250152716129787,10764,-2590.047619047611,11.9,31244.78,2025-09-01 03:28:01,2025-08-31 18:47:28,0.003,8.679
133,12657,12786,129,Reached exactly 128 steps,1.5327366590499878,-11.0,6,31.0,98,0,0,0.0,3600.0,1.2509090847040174,10864,115.09269064268952,14.51,31560.71,2025-09-01 03:33:14,2025-08-31 18:47:28,0.004,8.767
134,12786,12843,57,Severe deadlock detected by environment (IMMEDIATE),1.4545964002609253,-1.0,5,48.0,50,78,0,0.0,3600.0,1.2505926103331797,10917,-7875.52703962704,171.43,31717.63,2025-09-01 03:33:14,2025-08-31 18:47:28,0.048,8.81
135,12843,12972,129,Reached exactly 128 steps,1.8273879289627075,4.0,4,40.0,92,0,0,0.0,3600.0,1.2510148702310304,11009,431.4678571428558,280.43,32001.87,2025-09-01 03:40:50,2025-08-31 18:47:28,0.078,8.889
136,12972,12996,24,Severe deadlock detected by environment (IMMEDIATE),1.9957215785980225,3.0,4,30.0,18,0,0,0.0,3600.0,1.2515082482744782,11029,-536.8119047619048,68.62,32070.5,2025-09-01 03:40:50,2025-08-31 18:47:28,0.019,8.908
137,12996,13125,129,Reached exactly 128 steps,1.1079881191253662,-6.0,5,34.0,112,0,0,0.0,3600.0,1.251904250503993,11141,-239.60779220779108,309.69,32382.21,2025-09-01 03:47:10,2025-08-31 18:47:28,0.086,8.995
138,13125,13135,10,Severe deadlock detected by environment (IMMEDIATE),1.922521591186524,-3.0,4,42.0,4,0,0,0.0,3600.0,1.2531376110905892,11151,-724.0357142857143,29.9,32412.13,2025-09-01 03:47:10,2025-08-31 18:47:28,0.008,9.003
139,13135,13264,129,Reached exactly 128 steps,1.0795588493347168,3.0,5,34.0,95,0,0,0.0,3600.0,1.2527948510095486,11247,-2506.772402597402,311.1,32726.18,2025-09-01 03:52:54,2025-08-31 18:47:28,0.086,9.091
140,13264,13275,11,Severe deadlock detected by environment (IMMEDIATE),0.8694940805435181,10.0,6,45.0,4,0,0,0.0,3600.0,1.253787746219884,11259,-721.0857142857143,31.43,32757.61,2025-09-01 03:52:54,2025-08-31 18:47:28,0.009,9.099
141,13275,13404,129,Reached exactly 128 steps,1.1790629625320437,-1.0,5,37.0,113,0,0,0.0,3600.0,1.2544939092153324,11373,-3437.265476190474,292.19,33052.73,2025-09-01 03:58:21,2025-08-31 18:47:28,0.081,9.181
142,13404,13533,129,Reached exactly 128 steps,1.2248934507369995,5.0,5,35.0,120,0,0,0.0,3600.0,1.253598158760432,11494,-464.13804528804746,4.98,33363.42,2025-09-01 04:03:26,2025-08-31 18:47:28,0.001,9.268
143,13533,13562,29,Severe deadlock detected by environment (IMMEDIATE),1.5510413646697998,11.0,5,33.0,27,25,0,0.0,3600.0,1.2529787935511274,11528,-2930.4743937435114,109.69,33468.13,2025-09-01 04:03:26,2025-08-31 18:47:28,0.03,9.297
144,13562,13691,129,Reached exactly 128 steps,1.9071645736694336,10.0,5,43.0,108,0,0,0.0,3600.0,1.253818154367853,11639,-1677.5214035963982,315.28,33787.04,2025-09-01 04:10:35,2025-08-31 18:47:28,0.088,9.385
145,13691,13820,129,Reached exactly 128 steps,1.5805217027664185,-2.0,5,44.0,106,0,0,0.0,3600.0,1.25394412483215,11748,-5199.934981684995,5.06,34102.11,2025-09-01 04:15:45,2025-08-31 18:47:28,0.001,9.473
146,13820,13900,80,Severe deadlock detected by environment (IMMEDIATE),1.2796683311462402,-7.0,5,40.0,59,1,0,0.0,3600.0,1.2536364079611275,11808,-5.001190476191482,194.33,34291.38,2025-09-01 04:15:45,2025-08-31 18:47:28,0.054,9.525
147,13900,13935,35,Severe deadlock detected by environment (IMMEDIATE),2.5764694213867188,6.0,6,44.0,21,68,0,0.0,3600.0,1.2536210979240612,11832,-7245.942857142858,88.57,34382.01,2025-09-01 04:19:01,2025-08-31 18:47:28,0.025,9.551
148,13935,14064,129,Reached exactly 128 steps,1.8134046792984009,6.0,5,46.0,102,0,0,0.0,3600.0,1.2533427891685658,11936,-7758.589718614749,307.56,34691.74,2025-09-01 04:25:40,2025-08-31 18:47:28,0.085,9.637
149,14064,14090,26,Severe deadlock detected by environment (IMMEDIATE),1.726309299468994,-2.0,4,41.0,41,0,0,0.0,3600.0,1.2535489579768155,11983,-295.55595238095253,72.98,34764.72,2025-09-01 04:25:40,2025-08-31 18:47:28,0.02,9.657
150,14090,14219,129,Reached exactly 128 steps,1.041104435920715,-1.0,5,31.0,113,0,0,0.0,3600.0,1.2536263456140055,12097,-8313.169264069284,313.21,35080.59,2025-09-01 04:32:09,2025-08-31 18:47:28,0.087,9.745
151,14219,14348,129,Reached exactly 128 steps,1.7927477359771729,1.0,5,33.0,110,0,0,0.0,3600.0,1.2535285628106891,12207,942.8547119547108,5.13,35401.46,2025-09-01 04:37:24,2025-08-31 18:47:28,0.001,9.834
152,14348,14453,105,Severe deadlock detected by environment (IMMEDIATE),1.5250227451324463,-6.0,5,44.0,78,20,0,0.0,3600.0,1.253324965302521,12287,-1657.633333333331,249.45,35645.78,2025-09-01 04:37:24,2025-08-31 18:47:28,0.069,9.902
153,14453,14464,11,Severe deadlock detected by environment (IMMEDIATE),2.143604278564453,-5.0,5,42.0,4,0,0,0.0,3600.0,1.253486340729708,12298,-722.6714285714286,29.41,35677.67,2025-09-01 04:41:36,2025-08-31 18:47:28,0.008,9.91
154,14464,14593,129,Reached exactly 128 steps,1.5434247255325315,-3.0,6,51.0,104,0,0,0.0,3600.0,1.2546589599177185,12403,-6195.291300366326,311.69,35992.32,2025-09-01 04:47:20,2025-08-31 18:47:28,0.087,9.998
155,14593,14722,129,Reached exactly 128 steps,1.908778071403504,-1.0,6,32.0,90,0,0,0.0,3600.0,1.2535600839822825,12493,-3037.2597402597366,5.09,36311.42,2025-09-01 04:52:34,2025-08-31 18:47:28,0.001,10.087
156,14722,14851,129,Reached exactly 128 steps,1.410808801651001,-2.0,5,37.0,111,0,0,0.0,3600.0,1.2524692745117407,12609,1040.564285714284,7.25,36607.22,2025-09-01 04:57:28,2025-08-31 18:47:28,0.002,10.169
157,14851,14859,8,Severe deadlock detected by environment (IMMEDIATE),1.7427574396133425,8.0,5,23.0,4,0,0,0.0,3600.0,1.2529588942309458,12614,-730.532142857143,29.01,36628.98,2025-09-01 04:57:28,2025-08-31 18:47:28,0.008,10.175
158,14859,14988,129,Reached exactly 128 steps,1.7349426746368408,7.0,5,46.0,95,0,0,0.0,3600.0,1.2533395190516174,12712,-14200.058766233782,301.19,36933.02,2025-09-01 05:03:01,2025-08-31 18:47:28,0.084,10.259
159,14988,15117,129,Reached exactly 128 steps,1.5553795099258425,-3.0,6,35.0,124,0,0,0.0,3600.0,1.2541118570077094,12837,-5519.512554112566,5.12,37245.27,2025-09-01 05:08:08,2025-08-31 18:47:28,0.001,10.346
160,15117,15183,66,Severe deadlock detected by environment (IMMEDIATE),1.2147125005722046,-5.0,3,25.0,57,13,0,0.0,3600.0,1.2521679856413157,12900,-1303.7673326673334,180.86,37421.02,2025-09-01 05:08:08,2025-08-31 18:47:28,0.05,10.395
161,15183,15245,62,Severe deadlock detected by environment (IMMEDIATE),1.6959192752838137,7.0,4,41.0,54,56,0,0.0,3600.0,1.2522564955592117,12961,-5641.023713786214,179.17,37603.24,2025-09-01 05:11:12,2025-08-31 18:47:28,0.05,10.445
162,15245,15366,121,Severe deadlock detected by environment (IMMEDIATE),1.7098029851913452,0.0,6,43.0,76,15,0,0.0,3600.0,1.2521050109210743,13043,-1131.5079004329011,303.08,37909.72,2025-09-01 05:14:15,2025-08-31 18:47:28,0.084,10.53
163,15366,15495,129,Reached exactly 128 steps,1.4095994234085083,-9.0,6,32.0,114,0,0,0.0,3600.0,1.2508601102170112,13157,-1122.9452380952323,297.54,38210.17,2025-09-01 05:24:18,2025-08-31 18:47:28,0.083,10.614
164,15495,15624,129,Reached exactly 128 steps,1.4713711738586426,-10.0,5,40.0,91,0,0,0.0,3600.0,1.24980976513241,13248,-638.3839826839794,4.87,38520.77,2025-09-01 05:29:24,2025-08-31 18:47:28,0.001,10.7
165,15624,15753,129,Reached exactly 128 steps,1.6749398708343506,-2.0,5,35.0,84,0,0,0.0,3600.0,1.2494056779505849,13332,999.2214285714266,7.51,38816.59,2025-09-01 05:34:17,2025-08-31 18:47:28,0.002,10.782
166,15753,15759,6,Severe deadlock detected by environment (IMMEDIATE),1.3905047178268433,5.0,5,46.0,1,0,0,0.0,3600.0,1.249518509092154,13339,-769.3857142857144,23.41,38832.49,2025-09-01 05:34:17,2025-08-31 18:47:28,0.007,10.787
167,15759,15888,129,Reached exactly 128 steps,1.122514724731445,-5.0,6,33.0,105,0,0,0.0,3600.0,1.2497191967133272,13449,-2872.0059523809514,306.96,39142.61,2025-09-01 05:39:51,2025-08-31 18:47:28,0.085,10.873
168,15888,16017,129,Reached exactly 128 steps,1.36698317527771,-10.0,5,36.0,99,0,0,0.0,3600.0,1.250619565927475,13550,320.7047619047614,5.05,39441.62,2025-09-01 05:44:45,2025-08-31 18:47:28,0.001,10.956
169,16017,16146,129,Reached exactly 128 steps,1.789946436882019,-4.0,6,48.0,124,0,0,0.0,3600.0,1.2522014795165244,13679,-1802.2414502164488,7.38,39749.93,2025-09-01 05:49:50,2025-08-31 18:47:28,0.002,11.042
170,16146,16154,8,Severe deadlock detected by environment (IMMEDIATE),1.2232564687728882,4.0,5,33.0,4,0,0,0.0,3600.0,1.2528468142724285,13683,-730.1571428571428,29.27,39771.82,2025-09-01 05:49:50,2025-08-31 18:47:28,0.008,11.048
171,16154,16283,129,Reached exactly 128 steps,1.0255696773529053,-2.0,4,29.0,114,0,0,0.0,3600.0,1.2534117167768275,13801,-4122.75357142857,311.69,40086.28,2025-09-01 05:55:34,2025-08-31 18:47:28,0.087,11.135
172,16283,16402,119,Severe deadlock detected by environment (IMMEDIATE),1.5615098476409912,2.0,5,48.0,114,89,0,0.0,3600.0,1.2525123946309165,13923,-8122.424500499503,316.84,40403.12,2025-09-01 05:55:34,2025-08-31 18:47:28,0.088,11.223
173,16402,16531,129,Reached exactly 128 steps,1.5742357969284058,-7.0,4,42.0,109,0,0,0.0,3600.0,1.253010296324771,14034,-3489.0892857142785,297.49,40704.44,2025-09-01 06:05:52,2025-08-31 18:47:28,0.083,11.307
174,16531,16660,129,Reached exactly 128 steps,1.8057622909545896,-1.0,6,56.0,98,0,0,0.0,3600.0,1.2525490606029748,14137,-4694.861080586077,5.16,41014.19,2025-09-01 06:10:57,2025-08-31 18:47:28,0.001,11.393
175,16660,16789,129,Reached exactly 128 steps,1.2477067708969116,7.0,5,24.0,106,0,0,0.0,3600.0,1.2513552788864284,14244,-2700.929861804859,7.25,41314.7,2025-09-01 06:15:55,2025-08-31 18:47:28,0.002,11.476
176,16789,16918,129,Reached exactly 128 steps,1.5603591203689575,-8.0,4,55.0,85,0,0,0.0,3600.0,1.2506011491745082,14335,778.6864718614706,9.52,41609.57,2025-09-01 06:20:48,2025-08-31 18:47:28,0.003,11.558
177,16918,16925,7,Severe deadlock detected by environment (IMMEDIATE),1.7000584602355957,0.0,5,53.0,4,0,0,0.0,3600.0,1.25064308778917,14342,-734.45,29.21,41629.27,2025-09-01 06:20:48,2025-08-31 18:47:28,0.008,11.564
178,16925,16990,65,Severe deadlock detected by environment (IMMEDIATE),1.6295368671417236,3.0,6,36.0,50,3,0,0.0,3600.0,1.2511254577386424,14401,-379.7804695304701,174.55,41806.77,2025-09-01 06:21:20,2025-08-31 18:47:28,0.048,11.613
179,16990,17109,119,Severe deadlock detected by environment (IMMEDIATE),1.9511353969573968,4.0,5,43.0,66,5,0,0.0,3600.0,1.2517658537201024,14472,-210.8272644022652,284.14,42094.3,2025-09-01 06:24:18,2025-08-31 18:47:28,0.079,11.693
180,17109,17238,129,Reached exactly 128 steps,1.3725790977478027,10.0,5,41.0,114,0,0,0.0,3600.0,1.2513637949135066,14589,-504.575974025976,307.02,42404.34,2025-09-01 06:34:12,2025-08-31 18:47:28,0.085,11.779
181,17238,17348,110,Severe deadlock detected by environment (IMMEDIATE),1.3041719198226929,1.0,5,27.0,86,70,0,0.0,3600.0,1.2509964542175631,14684,-6164.92142857143,267.43,42671.78,2025-09-01 06:34:12,2025-08-31 18:47:28,0.074,11.853
182,17348,17375,27,Severe deadlock detected by environment (IMMEDIATE),1.2137093544006348,4.0,5,40.0,18,1,0,0.0,3600.0,1.251210988069204,14707,-616.9357142857143,69.23,42744.23,2025-09-01 06:38:43,2025-08-31 18:47:28,0.019,11.873
183,17375,17447,72,Severe deadlock detected by environment (IMMEDIATE),1.1590832471847534,5.0,5,49.0,50,2,0,0.0,3600.0,1.2510474143365462,14762,-269.43746253746326,177.03,42923.87,2025-09-01 06:39:55,2025-08-31 18:47:28,0.049,11.923
184,17447,17527,80,Severe deadlock detected by environment (IMMEDIATE),1.3214788436889648,-8.0,5,38.0,72,45,0,0.0,3600.0,1.2499397615570458,14839,-4303.843389943389,213.14,43139.69,2025-09-01 06:42:54,2025-08-31 18:47:28,0.059,11.983
185,17527,17656,129,Reached exactly 128 steps,1.9942339658737185,7.0,6,31.0,70,0,0,0.0,3600.0,1.2491076136994828,14912,254.8083333333321,313.0,43455.6,2025-09-01 06:51:44,2025-08-31 18:47:28,0.087,12.071
186,17656,17785,129,Reached exactly 128 steps,1.7311257123947144,-5.0,5,42.0,105,0,0,0.0,3600.0,1.2479981687698916,15019,476.8154761904756,5.18,43770.57,2025-09-01 06:56:53,2025-08-31 18:47:28,0.001,12.158
187,17785,17914,129,Reached exactly 128 steps,1.8144066333770752,2.0,6,40.0,99,0,0,0.0,3600.0,1.2493980252310626,15119,940.9948051948036,7.39,44074.65,2025-09-01 07:01:55,2025-08-31 18:47:28,0.002,12.243
188,17914,17923,9,Severe deadlock detected by environment (IMMEDIATE),1.8532695770263672,7.0,5,39.0,3,0,0,0.0,3600.0,1.2497090781711642,15130,-736.4367965367965,33.1,44100.36,2025-09-01 07:01:55,2025-08-31 18:47:28,0.009,12.25
189,17923,18015,92,Severe deadlock detected by environment (IMMEDIATE),1.9528056383132928,0.0,6,50.0,92,55,0,0.0,3600.0,1.2491995784656886,15224,-5047.932575757582,234.28,44338.17,2025-09-01 07:02:32,2025-08-31 18:47:28,0.065,12.316
190,18015,18144,129,Reached exactly 128 steps,1.6657015085220337,2.0,6,41.0,115,0,0,0.0,3600.0,1.2484375855797705,15343,-498.0741258741276,323.69,44663.83,2025-09-01 07:11:52,2025-08-31 18:47:28,0.09,12.407
191,18144,18273,129,Reached exactly 128 steps,1.4330517053604126,3.0,4,21.0,93,0,0,0.0,3600.0,1.2495438686368947,15440,-6637.987770562785,5.06,44965.81,2025-09-01 07:16:49,2025-08-31 18:47:28,0.001,12.491
192,18273,18402,129,Reached exactly 128 steps,1.7696715593338013,7.0,6,32.0,117,0,0,0.0,3600.0,1.250176814181961,15561,-16369.844468031952,6.91,45283.61,2025-09-01 07:22:05,2025-08-31 18:47:28,0.002,12.579
193,18402,18531,129,Reached exactly 128 steps,2.323803186416626,-10.0,6,39.0,94,0,0,0.0,3600.0,1.249066023417572,15660,-2012.614935064932,9.35,45583.85,2025-09-01 07:27:02,2025-08-31 18:47:28,0.003,12.662
194,18531,18637,106,Severe deadlock detected by environment (IMMEDIATE),1.5730618238449097,-3.0,5,41.0,112,37,0,0.0,3600.0,1.2484804610976583,15770,-3019.851923076916,273.36,45847.86,2025-09-01 07:27:02,2025-08-31 18:47:28,0.076,12.736
195,18637,18686,49,Severe deadlock detected by environment (IMMEDIATE),1.029065489768982,7.0,5,37.0,33,1,0,0.0,3600.0,1.2489087439032371,15809,-390.2798618048621,147.17,45997.7,2025-09-01 07:31:38,2025-08-31 18:47:28,0.041,12.777
196,18686,18797,111,Severe deadlock detected by environment (IMMEDIATE),1.7799887657165527,13.0,5,31.0,86,0,0,0.0,3600.0,1.2486581090790143,15900,471.4309523809533,268.75,46269.68,2025-09-01 07:34:09,2025-08-31 18:47:28,0.075,12.853
197,18797,18898,101,Severe deadlock detected by environment (IMMEDIATE),1.645790696144104,4.0,5,51.0,78,65,0,0.0,3600.0,1.2489631252517313,15980,-6160.69880952381,258.34,46530.57,2025-09-01 07:38:40,2025-08-31 18:47:28,0.072,12.925
198,18898,19027,129,Reached exactly 128 steps,1.2477138042449951,1.0,5,36.0,87,0,0,0.0,3600.0,1.2467093126997144,16068,-976.1280303030268,300.43,46833.13,2025-09-01 07:48:01,2025-08-31 18:47:28,0.083,13.009
199,19027,19137,110,Severe deadlock detected by environment (IMMEDIATE),1.16302490234375,4.0,5,36.0,71,32,0,0.0,3600.0,1.2471553198867265,16146,-2894.753571428573,259.26,47092.39,2025-09-01 07:48:01,2025-08-31 18:47:28,0.072,13.081
200,19137,19236,99,Severe deadlock detected by environment (IMMEDIATE),2.227799415588379,-4.0,4,25.0,55,0,0,0.0,3600.0,1.2476579245574564,16206,90.48095238095118,226.04,47321.26,2025-09-01 07:52:23,2025-08-31 18:47:28,0.063,13.145
201,19236,19355,119,Severe deadlock detected by environment (IMMEDIATE),1.4653886556625366,3.0,5,36.0,101,11,0,0.0,3600.0,1.2467138178597434,16310,-462.6362554112562,287.82,47611.57,2025-09-01 07:56:12,2025-08-31 18:47:28,0.08,13.225
202,19355,19409,54,Severe deadlock detected by environment (IMMEDIATE),2.1003708839416504,-7.0,6,44.0,66,16,0,0.0,3600.0,1.246148292071645,16377,-1542.248580586081,147.33,47761.2,2025-09-01 08:01:02,2025-08-31 18:47:28,0.041,13.267
203,19409,19458,49,Severe deadlock detected by environment (IMMEDIATE),1.6401715278625488,4.0,5,46.0,51,45,0,0.0,3600.0,1.245954929482873,16432,-4614.896187146187,141.71,47904.93,2025-09-01 08:03:31,2025-08-31 18:47:28,0.039,13.307
204,19458,19505,47,Severe deadlock detected by environment (IMMEDIATE),1.38042414188385,2.0,5,51.0,56,55,0,0.0,3600.0,1.246150389645643,16494,-5566.328305028305,135.35,48043.14,2025-09-01 08:05:56,2025-08-31 18:47:28,0.038,13.345
205,19505,19588,83,Severe deadlock detected by environment (IMMEDIATE),1.3230711221694946,-15.0,5,32.0,75,84,0,0.0,3600.0,1.2458612417212886,16572,-8138.03395770896,214.4,48260.37,2025-09-01 08:08:14,2025-08-31 18:47:28,0.06,13.406
206,19588,19599,11,Severe deadlock detected by environment (IMMEDIATE),1.953376054763794,1.0,5,37.0,4,0,0,0.0,3600.0,1.244974394799207,16581,-721.0571428571429,28.69,48291.36,2025-09-01 08:11:51,2025-08-31 18:47:28,0.008,13.414
207,19599,19646,47,Severe deadlock detected by environment (IMMEDIATE),1.593369722366333,1.0,4,47.0,41,82,0,0.0,3600.0,1.244358429394547,16627,-8409.662945387947,127.16,48421.37,2025-09-01 08:12:22,2025-08-31 18:47:28,0.035,13.45
208,19646,19775,129,Reached exactly 128 steps,1.427221655845642,-10.0,6,55.0,91,0,0,0.0,3600.0,1.244583342055352,16720,-353.9952380952391,294.0,48718.15,2025-09-01 08:19:26,2025-08-31 18:47:28,0.082,13.533
209,19775,19904,129,Reached exactly 128 steps,1.143359899520874,-2.0,5,44.0,112,0,0,0.0,3600.0,1.2447650129051484,16833,-543.9241966366984,5.26,49043.44,2025-09-01 08:24:46,2025-08-31 18:47:28,0.001,13.623
210,19904,19926,22,Severe deadlock detected by environment (IMMEDIATE),1.9854841232299805,9.0,4,42.0,30,4,0,0.0,3600.0,1.2449380240889054,16866,-816.1476190476191,65.55,49103.74,2025-09-01 08:24:46,2025-08-31 18:47:28,0.018,13.64
211,19926,19985,59,Severe deadlock detected by environment (IMMEDIATE),1.1752004623413086,7.0,5,33.0,64,151,0,0.0,3600.0,1.2447084004758986,16935,-14753.961788211796,162.1,49268.05,2025-09-01 08:25:54,2025-08-31 18:47:28,0.045,13.686
212,19985,20114,129,Reached exactly 128 steps,1.234389066696167,1.0,5,37.0,89,0,0,0.0,3600.0,1.244080884703217,17025,1128.2233766233765,303.03,49573.85,2025-09-01 08:33:42,2025-08-31 18:47:28,0.084,13.771
213,20114,20141,27,Severe deadlock detected by environment (IMMEDIATE),1.45047128200531,-11.0,5,50.0,11,113,0,0.0,3600.0,1.2440211527539646,17043,-11893.524242424242,86.75,49660.61,2025-09-01 08:33:42,2025-08-31 18:47:28,0.024,13.795
214,20141,20270,129,Reached exactly 128 steps,2.1870243549346924,-6.0,6,43.0,95,0,0,0.0,3600.0,1.243964223974355,17139,1307.7801948051963,302.55,49966.6,2025-09-01 08:40:15,2025-08-31 18:47:28,0.084,13.88
215,20270,20396,126,Severe deadlock detected by environment (IMMEDIATE),1.2336496114730835,0.0,5,53.0,82,182,0,0.0,3600.0,1.2445814625344231,17226,-17734.042857142846,294.05,50260.65,2025-09-01 08:40:15,2025-08-31 18:47:28,0.082,13.961
216,20396,20525,129,Reached exactly 128 steps,1.857138752937317,8.0,5,23.0,92,0,0,0.0,3600.0,1.2443885449730734,17319,-410.7954545454541,301.07,50564.42,2025-09-01 08:50:12,2025-08-31 18:47:28,0.084,14.046
217,20525,20654,129,Reached exactly 128 steps,1.6143624782562256,-9.0,5,44.0,121,0,0,0.0,3600.0,1.2440920445451231,17441,-3243.2307359307338,5.19,50889.54,2025-09-01 08:55:32,2025-08-31 18:47:28,0.001,14.136
218,20654,20712,58,Severe deadlock detected by environment (IMMEDIATE),1.4165583848953247,-10.0,5,47.0,46,49,0,0.0,3600.0,1.2441036183668377,17492,-5015.396645021645,154.57,51038.93,2025-09-01 08:55:32,2025-08-31 18:47:28,0.043,14.177
219,20712,20841,129,Reached exactly 128 steps,1.3466529846191406,3.0,4,40.0,89,0,0,0.0,3600.0,1.244850925336325,17582,-86.78809523809633,302.82,51344.3,2025-09-01 09:03:12,2025-08-31 18:47:28,0.084,14.262
220,20841,20970,129,Reached exactly 128 steps,1.4099889993667605,3.0,4,28.0,113,0,0,0.0,3600.0,1.24507287466001,17696,479.6875541125535,4.99,51646.35,2025-09-01 09:08:09,2025-08-31 18:47:28,0.001,14.346
221,20970,21099,129,Reached exactly 128 steps,1.5633080005645752,-7.0,5,49.0,90,0,0,0.0,3600.0,1.245979214705841,17789,25.77997835497737,7.01,51950.01,2025-09-01 09:13:11,2025-08-31 18:47:28,0.002,14.431
222,21099,21228,129,Reached exactly 128 steps,1.5774188041687012,10.0,5,39.0,122,0,0,0.0,3600.0,1.24683825783435,17915,-11947.271882284414,9.64,52280.21,2025-09-01 09:18:39,2025-08-31 18:47:28,0.003,14.522
223,21228,21357,129,Reached exactly 128 steps,1.2932795286178589,-1.0,5,29.0,82,0,0,0.0,3600.0,1.2474798555361246,18000,1150.4497918747934,12.3,52578.99,2025-09-01 09:23:35,2025-08-31 18:47:28,0.003,14.605
224,21357,21486,129,Reached exactly 128 steps,1.6021764278411863,4.0,6,36.0,94,0,0,0.0,3600.0,1.2484438691501174,18097,-4205.1482683982695,14.29,52891.4,2025-09-01 09:28:45,2025-08-31 18:47:28,0.004,14.692
225,21486,21615,129,Reached exactly 128 steps,2.1646816730499268,13.0,5,38.0,106,0,0,0.0,3600.0,1.2492520529847062,18204,-323.73474025974235,18.04,53192.88,2025-09-01 09:33:43,2025-08-31 18:47:28,0.005,14.776
226,21615,21684,69,Severe deadlock detected by environment (IMMEDIATE),1.372456669807434,6.0,4,43.0,71,78,0,0.0,3600.0,1.2504414265371182,18277,-7635.7243506493505,201.67,53376.52,2025-09-01 09:33:43,2025-08-31 18:47:28,0.056,14.827
227,21684,21751,67,Severe deadlock detected by environment (IMMEDIATE),1.048361897468567,-3.0,5,49.0,48,187,0,0.0,3600.0,1.250494635417032,18329,-17625.633982683987,190.55,53570.04,2025-09-01 09:37:07,2025-08-31 18:47:28,0.053,14.881
228,21751,21880,129,Reached exactly 128 steps,1.6287620067596436,-5.0,5,49.0,95,0,0,0.0,3600.0,1.2504858893390252,18429,788.6880952380955,290.4,53863.27,2025-09-01 09:45:11,2025-08-31 18:47:28,0.081,14.962
229,21880,21925,45,Severe deadlock detected by environment (IMMEDIATE),0.992925763130188,3.0,6,40.0,59,4,0,0.0,3600.0,1.250719809692001,18490,-447.17922077922094,131.74,53995.01,2025-09-01 09:45:11,2025-08-31 18:47:28,0.037,14.999
230,21925,22054,129,Reached exactly 128 steps,1.8148547410964968,-8.0,5,48.0,118,0,0,0.0,3600.0,1.2498699216882694,18608,-1723.1642857142847,337.1,54334.27,2025-09-01 09:53:02,2025-08-31 18:47:28,0.094,15.093
231,22054,22183,129,Reached exactly 128 steps,1.8287280797958367,-9.0,5,37.0,130,0,0,0.0,3600.0,1.2491626016119135,18739,-2254.024184149178,5.13,54650.22,2025-09-01 09:58:13,2025-08-31 18:47:28,0.001,15.181
232,22183,22312,129,Reached exactly 128 steps,0.6489588022232056,-9.0,4,39.0,111,0,0,0.0,3600.0,1.2496356434957805,18855,-1044.8068181818194,7.01,54956.61,2025-09-01 10:03:18,2025-08-31 18:47:28,0.002,15.266
233,22312,22441,129,Reached exactly 128 steps,1.1700981855392456,-4.0,6,37.0,119,0,0,0.0,3600.0,1.2505976142673625,18976,-685.1688311688331,9.64,55264.43,2025-09-01 10:08:23,2025-08-31 18:47:28,0.003,15.351
234,22441,22570,129,Reached exactly 128 steps,1.4018117189407349,-4.0,4,42.0,109,0,0,0.0,3600.0,1.2508536952505802,19086,45.54523809523786,12.69,55591.53,2025-09-01 10:13:47,2025-08-31 18:47:28,0.004,15.442
235,22570,22699,129,Reached exactly 128 steps,1.7279058694839478,7.0,6,41.0,82,0,0,0.0,3600.0,1.2511720369259265,19169,274.99761904761834,14.8,55894.38,2025-09-01 10:18:48,2025-08-31 18:47:28,0.004,15.526
236,22699,22738,39,Severe deadlock detected by environment (IMMEDIATE),1.5183113813400269,-3.0,4,26.0,23,0,0,0.0,3600.0,1.2512715029910697,19196,-438.4297619047621,108.47,55988.05,2025-09-01 10:18:48,2025-08-31 18:47:28,0.03,15.552
237,22738,22867,129,Reached exactly 128 steps,1.203548789024353,2.0,5,35.0,96,0,0,0.0,3600.0,1.2518998717053405,19293,-14566.627380952412,313.67,56304.95,2025-09-01 10:25:53,2025-08-31 18:47:28,0.087,15.64
238,22867,22996,129,Reached exactly 128 steps,1.719648838043213,0.0,5,35.0,127,0,0,0.0,3600.0,1.2518574061937686,19422,-3678.8120046620143,5.41,56709.48,2025-09-01 10:32:32,2025-08-31 18:47:28,0.002,15.753
239,22996,23125,129,Reached exactly 128 steps,1.8249095678329468,0.0,5,45.0,103,0,0,0.0,3600.0,1.252677235913857,19527,1275.065476190477,7.58,57020.17,2025-09-01 10:37:41,2025-08-31 18:47:28,0.002,15.839
240,23125,23254,129,Reached exactly 128 steps,1.155173897743225,3.0,6,54.0,126,0,0,0.0,3600.0,1.2527656319647906,19659,1197.3802614052631,9.92,57340.45,2025-09-01 10:42:58,2025-08-31 18:47:28,0.003,15.928
241,23254,23277,23,Severe deadlock detected by environment (IMMEDIATE),2.104403257369995,2.0,4,34.0,20,69,0,0.0,3600.0,1.252645615704424,19682,-7420.224475524476,85.67,57416.19,2025-09-01 10:42:58,2025-08-31 18:47:28,0.024,15.949
242,23277,23406,129,Reached exactly 128 steps,1.8182470798492432,5.0,5,39.0,86,0,0,0.0,3600.0,1.2527746168631404,19774,-6000.908766233764,329.65,57749.87,2025-09-01 10:49:58,2025-08-31 18:47:28,0.092,16.042
243,23406,23535,129,Reached exactly 128 steps,1.1457754373550415,-2.0,6,37.0,117,0,0,0.0,3600.0,1.2530001694320403,19891,-2289.703896103888,5.15,58079.62,2025-09-01 10:55:22,2025-08-31 18:47:28,0.001,16.133
244,23535,23664,129,Reached exactly 128 steps,1.4612523317337036,-14.0,4,52.0,146,0,0,0.0,3600.0,1.253401957588974,20042,-3787.913095238094,7.35,58404.85,2025-09-01 11:00:45,2025-08-31 18:47:28,0.002,16.224
245,23664,23697,33,Severe deadlock detected by environment (IMMEDIATE),1.623052716255188,0.0,5,21.0,34,4,0,0.0,3600.0,1.253589773004901,20082,-745.6041125541126,100.85,58498.35,2025-09-01 11:00:45,2025-08-31 18:47:28,0.028,16.25
246,23697,23826,129,Reached exactly 128 steps,1.7165346145629885,2.0,5,33.0,84,0,0,0.0,3600.0,1.2533221051251189,20170,-1110.9379870129833,316.13,58817.82,2025-09-01 11:07:46,2025-08-31 18:47:28,0.088,16.338
247,23826,23955,129,Reached exactly 128 steps,1.6183823347091677,1.0,4,44.0,98,0,0,0.0,3600.0,1.2543641508657428,20270,1224.2667748917756,5.3,59135.09,2025-09-01 11:12:58,2025-08-31 18:47:28,0.001,16.426
248,23955,24084,129,Reached exactly 128 steps,1.804616451263428,4.0,4,34.0,91,0,0,0.0,3600.0,1.2549066721243674,20365,-2133.3104395604328,7.41,59444.38,2025-09-01 11:18:05,2025-08-31 18:47:28,0.002,16.512
249,24084,24168,84,Severe deadlock detected by environment (IMMEDIATE),1.6979864835739136,2.0,5,44.0,75,16,0,0.0,3600.0,1.2540226854116885,20438,-1327.2285714285715,222.55,59659.53,2025-09-01 11:18:05,2025-08-31 18:47:28,0.062,16.572
250,24168,24297,129,Reached exactly 128 steps,1.008232593536377,10.0,6,55.0,122,0,0,0.0,3600.0,1.2530346391472242,20565,-3809.277813852809,328.73,59990.54,2025-09-01 11:27:19,2025-08-31 18:47:28,0.091,16.664
251,24297,24339,42,Severe deadlock detected by environment (IMMEDIATE),1.8694626092910769,1.0,5,40.0,37,157,0,0.0,3600.0,1.2528929086301477,20606,-15969.058333333336,123.5,60114.07,2025-09-01 11:27:19,2025-08-31 18:47:28,0.034,16.698
252,24339,24384,45,Severe deadlock detected by environment (IMMEDIATE),1.3811652660369873,6.0,5,34.0,57,50,0,0.0,3600.0,1.2519626974956852,20670,-5062.010700818788,152.94,60269.61,2025-09-01 11:29:25,2025-08-31 18:47:28,0.042,16.742
253,24384,24435,51,Severe deadlock detected by environment (IMMEDIATE),1.163257718086243,-3.0,6,51.0,65,21,0,0.0,3600.0,1.2515458373705053,20739,-2058.839901764901,156.52,60429.08,2025-09-01 11:32:00,2025-08-31 18:47:28,0.043,16.786
254,24435,24463,28,Severe deadlock detected by environment (IMMEDIATE),1.686288356781006,15.0,5,27.0,21,0,0,0.0,3600.0,1.2511030603499946,20764,-489.2178571428572,74.31,60505.93,2025-09-01 11:34:40,2025-08-31 18:47:28,0.021,16.807
255,24463,24592,129,Reached exactly 128 steps,1.598741054534912,3.0,5,48.0,98,0,0,0.0,3600.0,1.250946647265674,20866,-11124.078155178157,338.17,60846.62,2025-09-01 11:41:35,2025-08-31 18:47:28,0.094,16.902
256,24592,24600,8,Severe deadlock detected by environment (IMMEDIATE),1.5756915807724,-4.0,5,42.0,3,0,0,0.0,3600.0,1.2506646230454788,20875,-746.7642857142857,23.93,60870.56,2025-09-01 11:41:35,2025-08-31 18:47:28,0.007,16.908
257,24600,24724,124,Severe deadlock detected by environment (IMMEDIATE),1.5133429765701294,5.0,5,36.0,91,355,0,0.0,3600.0,1.2505473100099838,20974,-34628.92724089633,353.32,61227.0,2025-09-01 11:42:02,2025-08-31 18:47:28,0.098,17.008
258,24724,24853,129,Reached exactly 128 steps,0.9089873433113098,-7.0,5,46.0,123,0,0,0.0,3600.0,1.2513451886807967,21098,787.1559523809506,314.99,61546.23,2025-09-01 11:53:14,2025-08-31 18:47:28,0.087,17.096
259,24853,24982,129,Reached exactly 128 steps,1.4933182001113892,3.0,4,47.0,114,0,0,0.0,3600.0,1.25034949358411,21214,1078.2988095238104,5.24,61857.49,2025-09-01 11:58:20,2025-08-31 18:47:28,0.001,17.183
260,24982,25102,120,Severe deadlock detected by environment (IMMEDIATE),1.4226133823394775,-8.0,5,38.0,101,0,0,0.0,3600.0,1.2512480326448132,21317,630.0940476190484,303.34,62155.59,2025-09-01 11:58:20,2025-08-31 18:47:28,0.084,17.265
261,25102,25139,37,Severe deadlock detected by environment (IMMEDIATE),1.0880345106124878,4.0,5,39.0,37,172,0,0.0,3600.0,1.2520174738503214,21363,-15758.099225774227,121.43,62279.25,2025-09-01 12:03:26,2025-08-31 18:47:28,0.034,17.3
262,25139,25268,129,Reached exactly 128 steps,1.4382498264312744,-6.0,6,39.0,101,0,0,0.0,3600.0,1.2530132067778597,21465,1147.6464285714278,307.16,62590.24,2025-09-01 12:10:38,2025-08-31 18:47:28,0.085,17.386
263,25268,25397,129,Reached exactly 128 steps,1.2762879133224487,-5.0,4,49.0,104,0,0,0.0,3600.0,1.2534588654140564,21569,-3534.6778138528134,5.16,62904.6,2025-09-01 12:15:47,2025-08-31 18:47:28,0.001,17.474
264,25397,25526,129,Reached exactly 128 steps,1.19623601436615,-5.0,6,35.0,75,0,0,0.0,3600.0,1.254215116148074,21644,-688.2852813852815,7.83,63206.9,2025-09-01 12:20:47,2025-08-31 18:47:28,0.002,17.557
265,25526,25559,33,Severe deadlock detected by environment (IMMEDIATE),1.6240638494491575,9.0,5,31.0,50,31,0,0.0,3600.0,1.254159483014589,21702,-3296.3432525807525,125.69,63324.76,2025-09-01 12:20:47,2025-08-31 18:47:28,0.035,17.59
266,25559,25688,129,Reached exactly 128 steps,2.11155366897583,4.0,4,32.0,95,0,0,0.0,3600.0,1.2540718683365832,21800,1396.11700799201,321.96,63650.54,2025-09-01 12:28:18,2025-08-31 18:47:28,0.089,17.681
267,25688,25817,129,Reached exactly 128 steps,1.8884764909744265,6.0,4,42.0,104,0,0,0.0,3600.0,1.253778048675558,21904,-2401.588961038953,5.08,63956.9,2025-09-01 12:33:20,2025-08-31 18:47:28,0.001,17.766
268,25817,25946,129,Reached exactly 128 steps,0.5469660758972168,7.0,6,32.0,82,0,0,0.0,3600.0,1.253725458487421,21987,-2947.826190476185,7.35,64251.67,2025-09-01 12:38:12,2025-08-31 18:47:28,0.002,17.848
269,25946,26075,129,Reached exactly 128 steps,2.1056935787200928,3.0,6,56.0,111,0,0,0.0,3600.0,1.2536804857848194,22103,-3317.123701298697,9.84,64589.93,2025-09-01 12:43:48,2025-08-31 18:47:28,0.003,17.942
270,26075,26204,129,Reached exactly 128 steps,1.5415894985198977,0.0,4,42.0,76,0,0,0.0,3600.0,1.2533964642789317,22180,-3411.6720779220745,12.25,64875.12,2025-09-01 12:48:31,2025-08-31 18:47:28,0.003,18.021
271,26204,26333,129,Reached exactly 128 steps,1.5080031156539917,5.0,5,37.0,116,0,0,0.0,3600.0,1.2542689993691187,22298,504.0707792207785,15.16,65186.94,2025-09-01 12:53:40,2025-08-31 18:47:28,0.004,18.107
272,26333,26410,77,Severe deadlock detected by environment (IMMEDIATE),1.6012390851974487,0.0,4,49.0,46,123,0,0.0,3600.0,1.2550066303119476,22349,-8892.05382950383,231.75,65403.52,2025-09-01 12:53:40,2025-08-31 18:47:28,0.064,18.168
273,26410,26539,129,Reached exactly 128 steps,1.481170415878296,4.0,4,40.0,82,0,0,0.0,3600.0,1.2548758689350927,22435,1263.855411255411,320.87,65728.71,2025-09-01 13:02:57,2025-08-31 18:47:28,0.089,18.258
274,26539,26668,129,Reached exactly 128 steps,1.894639253616333,2.0,4,38.0,94,0,0,0.0,3600.0,1.2540008337700683,22531,-6862.727380952394,5.17,66056.69,2025-09-01 13:08:19,2025-08-31 18:47:28,0.001,18.349
275,26668,26703,35,Severe deadlock detected by environment (IMMEDIATE),2.331174850463867,-2.0,6,48.0,47,25,0,0.0,3600.0,1.2529808687096151,22585,-2713.4653263403266,127.66,66179.18,2025-09-01 13:08:19,2025-08-31 18:47:28,0.035,18.383
275,0,26009,9,Severe deadlock detected by environment (IMMEDIATE),1.1139483451843262,-5.0,5,34.0,1,0,0,0.0,0.0,0.7035802089189602,7,-769.7857142857143,23.38,23.38,2025-09-01 16:26:58,2025-09-01 16:26:58,0.006,0.006
276,26009,26138,129,Reached exactly 128 steps,1.8913553953170776,-1.0,6,52.0,118,0,0,0.0,3331.8587896028644,1.2130958372754612,126,-12009.842948717964,341.76,368.36,2025-09-01 16:33:07,2025-09-01 16:26:58,0.095,0.102
277,26138,26190,52,Severe deadlock detected by environment (IMMEDIATE),2.297578811645508,8.0,4,46.0,48,22,0,0.0,3600.0,1.140673706036905,177,-2332.546861471861,152.67,521.04,2025-09-01 16:33:07,2025-09-01 16:26:58,0.042,0.145
278,26190,26319,129,Reached exactly 128 steps,1.2601580619812012,5.0,5,40.0,97,0,0,0.0,3600.0,1.1903733977065878,274,405.9982683982679,297.28,821.16,2025-09-01 16:40:39,2025-09-01 16:26:58,0.083,0.228
279,26319,26448,129,Reached exactly 128 steps,1.5006296634674072,-4.0,3,35.0,109,0,0,0.0,3600.0,1.205532488084528,383,-560.1857142857148,5.08,1137.39,2025-09-01 16:45:50,2025-09-01 16:26:58,0.001,0.316
280,26448,26577,129,Reached exactly 128 steps,2.037062883377075,-1.0,4,39.0,116,0,0,0.0,3600.0,1.192688532625886,504,-3515.6579587079696,7.09,1465.02,2025-09-01 16:51:16,2025-09-01 16:26:58,0.002,0.407
281,26577,26706,129,Reached exactly 128 steps,1.6840767860412598,4.0,4,50.0,88,0,0,0.0,3600.0,1.2283357435369886,589,-4502.508333333335,9.59,1760.96,2025-09-01 16:56:10,2025-09-01 16:26:58,0.003,0.489
282,26706,26835,129,Reached exactly 128 steps,0.8197103142738342,3.0,5,46.0,114,0,0,0.0,3600.0,1.253611598384273,710,1275.7666666666696,12.39,2090.99,2025-09-01 17:01:37,2025-09-01 16:26:58,0.003,0.581
283,26835,26964,129,Reached exactly 128 steps,1.892388701438904,-1.0,4,49.0,89,0,0,0.0,3600.0,1.2729316456358823,800,721.9511904761893,14.76,2393.4,2025-09-01 17:06:37,2025-09-01 16:26:58,0.004,0.665
284,26964,27093,129,Reached exactly 128 steps,1.4727712869644165,2.0,5,42.0,141,0,0,0.0,3600.0,1.289967499080893,942,-7498.879070929093,17.58,2706.99,2025-09-01 17:11:48,2025-09-01 16:26:58,0.005,0.752
285,27093,27200,107,Severe deadlock detected by environment (IMMEDIATE),1.1287128925323486,-2.0,4,41.0,89,263,0,0.0,3600.0,1.2832233604578256,1033,-24705.848018648016,326.52,3015.92,2025-09-01 17:11:48,2025-09-01 16:26:58,0.091,0.838
286,27200,27324,124,Severe deadlock detected by environment (IMMEDIATE),1.0609779357910156,8.0,5,37.0,119,45,0,0.0,3600.0,1.2809501420776992,1157,-3667.754761904757,304.27,3323.86,2025-09-01 17:17:18,2025-09-01 16:26:58,0.085,0.923
287,27324,27453,129,Reached exactly 128 steps,1.3008174896240234,0.0,5,41.0,99,0,0,0.0,3600.0,1.2846133837360545,1257,1322.35064935065,302.72,3629.91,2025-09-01 17:27:28,2025-09-01 16:26:58,0.084,1.008
288,27453,27568,115,Severe deadlock detected by environment (IMMEDIATE),1.018615484237671,-12.0,5,40.0,77,57,0,0.0,3600.0,1.2853413383047545,1341,-4529.207142857144,284.58,3914.5,2025-09-01 17:27:28,2025-09-01 16:26:58,0.079,1.087
289,27568,27688,120,Severe deadlock detected by environment (IMMEDIATE),1.469444990158081,5.0,6,42.0,91,22,0,0.0,3600.0,1.2757867321627354,1438,-1671.8227272727277,303.81,4221.3,2025-09-01 17:32:16,2025-09-01 16:26:58,0.084,1.173
290,27688,27762,74,Severe deadlock detected by environment (IMMEDIATE),0.9142909049987792,4.0,4,39.0,61,103,0,0.0,3600.0,1.264761087035735,1504,-10119.24307359308,193.52,4417.9,2025-09-01 17:37:23,2025-09-01 16:26:58,0.054,1.227
291,27762,27876,114,Severe deadlock detected by environment (IMMEDIATE),1.3192886114120483,4.0,6,31.0,93,295,0,0.0,3600.0,1.2564824273099096,1603,-28963.654834871013,331.43,4752.11,2025-09-01 17:40:39,2025-09-01 16:26:58,0.092,1.32
292,27876,28005,129,Reached exactly 128 steps,1.475806474685669,-10.0,5,34.0,75,0,0,0.0,3600.0,1.2524583729632108,1682,1091.834523809523,313.87,5070.49,2025-09-01 17:51:29,2025-09-01 16:26:58,0.087,1.408
293,28005,28134,129,Reached exactly 128 steps,2.011129856109619,3.0,5,41.0,104,0,0,0.0,3600.0,1.2590050217893891,1786,-1730.635764235766,4.88,5374.96,2025-09-01 17:56:28,2025-09-01 16:26:58,0.001,1.493
294,28134,28263,129,Reached exactly 128 steps,1.5837440490722656,7.0,4,39.0,80,0,0,0.0,3600.0,1.2583930272313737,1868,227.2800366300345,7.28,5672.48,2025-09-01 18:01:23,2025-09-01 16:26:58,0.002,1.576
295,28263,28392,129,Reached exactly 128 steps,1.307030439376831,-5.0,3,27.0,99,0,0,0.0,3600.0,1.2630024083740086,1971,1241.8535714285722,9.57,5979.41,2025-09-01 18:06:28,2025-09-01 16:26:58,0.003,1.661
296,28392,28521,129,Reached exactly 128 steps,1.5540359020233154,7.0,5,36.0,96,0,0,0.0,3600.0,1.2752495063548426,2069,503.9836580086568,13.21,6295.89,2025-09-01 18:11:41,2025-09-01 16:26:58,0.004,1.749
297,28521,28593,72,Severe deadlock detected by environment (IMMEDIATE),1.881637692451477,0.0,5,30.0,61,7,0,0.0,3600.0,1.2780099091277917,2132,-631.87261904762,208.27,6490.96,2025-09-01 18:11:41,2025-09-01 16:26:58,0.058,1.803
298,28593,28722,129,Reached exactly 128 steps,1.1424471139907837,5.0,6,27.0,97,0,0,0.0,3600.0,1.2818067715278516,2230,-6676.102489177513,327.22,6821.25,2025-09-01 18:20:39,2025-09-01 16:26:58,0.091,1.895
299,28722,28742,20,Severe deadlock detected by environment (IMMEDIATE),2.156056880950928,2.0,6,37.0,24,0,0,0.0,3600.0,1.2832099796698495,2260,-496.2535714285715,62.21,6883.46,2025-09-01 18:20:39,2025-09-01 16:26:58,0.017,1.912
300,28742,28774,32,Severe deadlock detected by environment (IMMEDIATE),1.475607991218567,-3.0,5,49.0,27,7,0,0.0,3600.0,1.2822357049255069,2289,-1100.2738095238096,88.89,6975.82,2025-09-01 18:21:45,2025-09-01 16:26:58,0.025,1.938
301,28774,28903,129,Reached exactly 128 steps,2.366408109664917,-8.0,5,42.0,94,0,0,0.0,3600.0,1.274941914599518,2386,984.9119047619032,332.89,7310.82,2025-09-01 18:28:49,2025-09-01 16:26:58,0.092,2.031
302,28903,29020,117,Severe deadlock detected by environment (IMMEDIATE),2.283539056777954,2.0,4,49.0,102,20,0,0.0,3600.0,1.2690312035947549,2492,-1368.129020979021,307.87,7618.7,2025-09-01 18:28:49,2025-09-01 16:26:58,0.086,2.116
303,29020,29149,129,Reached exactly 128 steps,2.197052240371704,-2.0,4,39.0,108,0,0,0.0,3600.0,1.2680259853192075,2601,255.69761904761816,296.56,7917.84,2025-09-01 18:38:56,2025-09-01 16:26:58,0.082,2.199
304,29149,29278,129,Reached exactly 128 steps,1.9534950256347656,-1.0,4,35.0,105,0,0,0.0,3600.0,1.2611205837616974,2708,1088.7214285714288,5.18,8232.94,2025-09-01 18:44:06,2025-09-01 16:26:58,0.001,2.287
305,29278,29297,19,Severe deadlock detected by environment (IMMEDIATE),1.2742170095443726,0.0,5,32.0,19,1,0,0.0,3600.0,1.2592162362427126,2732,-648.3300865800866,62.67,8290.44,2025-09-01 18:44:06,2025-09-01 16:26:58,0.017,2.303
306,29297,29349,52,Severe deadlock detected by environment (IMMEDIATE),0.8161940574645996,2.0,5,34.0,33,5,0,0.0,3600.0,1.2601403185305935,2769,-791.3376623376623,129.13,8422.58,2025-09-01 18:45:12,2025-09-01 16:26:58,0.036,2.34
307,29349,29478,129,Reached exactly 128 steps,2.158587694168091,8.0,5,36.0,86,0,0,0.0,3600.0,1.2576762456964663,2859,313.0035714285721,306.9,8732.85,2025-09-01 18:52:31,2025-09-01 16:26:58,0.085,2.426
308,29478,29529,51,Severe deadlock detected by environment (IMMEDIATE),0.8282616138458252,0.0,5,42.0,43,9,0,0.0,3600.0,1.25787318690289,2907,-1100.830952380953,125.96,8858.82,2025-09-01 18:52:31,2025-09-01 16:26:58,0.035,2.461
309,29529,29658,129,Reached exactly 128 steps,1.2944350242614746,1.0,4,53.0,102,0,0,0.0,3600.0,1.2595816161369646,3013,-922.766125541123,313.29,9174.87,2025-09-01 18:59:53,2025-09-01 16:26:58,0.087,2.549
310,29658,29711,53,Severe deadlock detected by environment (IMMEDIATE),0.7685569524765015,-6.0,4,51.0,25,19,0,0.0,3600.0,1.2662463064941905,3044,-2260.121428571429,145.19,9320.06,2025-09-01 18:59:53,2025-09-01 16:26:58,0.04,2.589
311,29711,29837,126,Severe deadlock detected by environment (IMMEDIATE),2.0352654457092285,8.0,5,27.0,90,23,0,0.0,3600.0,1.2588546772229627,3138,-1752.1666666666674,336.59,9661.01,2025-09-01 19:02:23,2025-09-01 16:26:58,0.093,2.684
312,29837,29966,129,Reached exactly 128 steps,1.1911468505859375,10.0,4,22.0,104,0,0,0.0,3600.0,1.2548376920295077,3243,-817.1983766233766,342.26,10006.15,2025-09-01 19:13:44,2025-09-01 16:26:58,0.095,2.779
313,29966,30095,129,Reached exactly 128 steps,1.3108385801315308,13.0,4,46.0,87,0,0,0.0,3600.0,1.2577499929152138,3331,-4197.94642857144,5.47,10338.45,2025-09-01 19:19:11,2025-09-01 16:26:58,0.002,2.872
314,30095,30224,129,Reached exactly 128 steps,1.230998992919922,14.0,4,42.0,108,0,0,0.0,3600.0,1.259451055470309,3446,-1380.3821428571418,8.1,10702.4,2025-09-01 19:25:12,2025-09-01 16:26:58,0.002,2.973
315,30224,30284,60,Severe deadlock detected by environment (IMMEDIATE),1.8737733364105225,9.0,3,44.0,65,64,0,0.0,3600.0,1.2608809965598695,3512,-6324.802813852815,184.48,10878.78,2025-09-01 19:25:12,2025-09-01 16:26:58,0.051,3.022
316,30284,30312,28,Severe deadlock detected by environment (IMMEDIATE),0.7351047396659851,-4.0,3,33.0,33,28,0,0.0,3600.0,1.2627276035863737,3552,-3183.9975524475526,98.71,10980.64,2025-09-01 19:28:20,2025-09-01 16:26:58,0.027,3.05
317,30312,30349,37,Severe deadlock detected by environment (IMMEDIATE),0.8813125491142273,10.0,4,35.0,21,38,0,0.0,3600.0,1.2612692806639203,3577,-4250.184523809524,110.58,11094.97,2025-09-01 19:30:03,2025-09-01 16:26:58,0.031,3.082
318,30349,30478,129,Reached exactly 128 steps,1.3275054693222046,4.0,4,46.0,110,0,0,0.0,3600.0,1.2641667154515428,3688,-1776.2620795870791,349.33,11447.08,2025-09-01 19:37:45,2025-09-01 16:26:58,0.097,3.18
319,30478,30607,129,Reached exactly 128 steps,0.9179206490516664,-5.0,5,46.0,113,0,0,0.0,3600.0,1.2620741942119358,3803,-327.6462037962057,5.74,11796.42,2025-09-01 19:43:29,2025-09-01 16:26:58,0.002,3.277
320,30607,30634,27,Severe deadlock detected by environment (IMMEDIATE),1.3400341272354126,13.0,4,27.0,17,6,0,0.0,3600.0,1.2627662690164447,3822,-1134.2011904761907,84.15,11874.83,2025-09-01 19:43:29,2025-09-01 16:26:58,0.023,3.299
321,30634,30763,129,Reached exactly 128 steps,1.581010103225708,4.0,4,32.0,84,0,0,0.0,3600.0,1.26399784992417,3908,-1093.2964285714277,317.27,12194.23,2025-09-01 19:50:12,2025-09-01 16:26:58,0.088,3.387
322,30763,30785,22,Severe deadlock detected by environment (IMMEDIATE),1.658779501914978,-8.0,5,37.0,28,9,0,0.0,3600.0,1.2568530364998116,3943,-1347.0141400266402,76.62,12270.86,2025-09-01 19:50:12,2025-09-01 16:26:58,0.021,3.409
323,30785,30801,16,Severe deadlock detected by environment (IMMEDIATE),1.4604218006134033,5.0,5,45.0,10,7,0,0.0,3600.0,1.2571191695693997,3959,-1348.970238095238,49.69,12325.08,2025-09-01 19:51:34,2025-09-01 16:26:58,0.014,3.424
